Country Name,Country Code,Series Name,Series Code,2018 [YR2018]
Afghanistan,AFG,"Access to electricity, urban (% of urban population)",EG.ELC.ACCS.UR.ZS,99.6260223388672
Africa Eastern and Southern,AFE,"Access to electricity, urban (% of urban population)",EG.ELC.ACCS.UR.ZS,71.8661360685467
Africa Western and Central,AFW,"Access to electricity, urban (% of urban population)",EG.ELC.ACCS.UR.ZS,..
Albania,ALB,"Access to electricity, urban (% of urban population)",EG.ELC.ACCS.UR.ZS,100
Algeria,DZA,"Access to electricity, urban (% of urban population)",EG.ELC.ACCS.UR.ZS,99.933952331543
American Samoa,ASM,"Access to electricity, urban (% of urban population)",EG.ELC.ACCS.UR.ZS,..
Andorra,AND,"Access to electricity, urban (% of urban population)",EG.ELC.ACCS.UR.ZS,100
Angola,AGO,"Access to electricity, urban (% of urban population)",EG.ELC.ACCS.UR.ZS,65.2699966430664
Antigua and Barbuda,ATG,"Access to electricity, urban (% of urban population)",EG.ELC.ACCS.UR.ZS,100
Arab World,ARB,"Access to electricity, urban (% of urban population)",EG.ELC.ACCS.UR.ZS,97.581236908265
Argentina,ARG,"Access to electricity, urban (% of urban population)",EG.ELC.ACCS.UR.ZS,100
Armenia,ARM,"Access to electricity, urban (% of urban population)",EG.ELC.ACCS.UR.ZS,99.9000015258789
Aruba,ABW,"Access to electricity, urban (% of urban population)",EG.ELC.ACCS.UR.ZS,100
Australia,AUS,"Access to electricity, urban (% of urban population)",EG.ELC.ACCS.UR.ZS,100
Austria,AUT,"Access to electricity, urban (% of urban population)",EG.ELC.ACCS.UR.ZS,100
Azerbaijan,AZE,"Access to electricity, urban (% of urban population)",EG.ELC.ACCS.UR.ZS,100
"Bahamas, The",BHS,"Access to electricity, urban (% of urban population)",EG.ELC.ACCS.UR.ZS,100
Bahrain,BHR,"Access to electricity, urban (% of urban population)",EG.ELC.ACCS.UR.ZS,100
Bangladesh,BGD,"Access to electricity, urban (% of urban population)",EG.ELC.ACCS.UR.ZS,96.5
Barbados,BRB,"Access to electricity, urban (% of urban population)",EG.ELC.ACCS.UR.ZS,100
Belarus,BLR,"Access to electricity, urban (% of urban population)",EG.ELC.ACCS.UR.ZS,100
Belgium,BEL,"Access to electricity, urban (% of urban population)",EG.ELC.ACCS.UR.ZS,100
Belize,BLZ,"Access to electricity, urban (% of urban population)",EG.ELC.ACCS.UR.ZS,97.9000015258789
Benin,BEN,"Access to electricity, urban (% of urban population)",EG.ELC.ACCS.UR.ZS,64.3030776977539
Bermuda,BMU,"Access to electricity, urban (% of urban population)",EG.ELC.ACCS.UR.ZS,100
Bhutan,BTN,"Access to electricity, urban (% of urban population)",EG.ELC.ACCS.UR.ZS,99.9904632568359
Bolivia,BOL,"Access to electricity, urban (% of urban population)",EG.ELC.ACCS.UR.ZS,99.5
Bosnia and Herzegovina,BIH,"Access to electricity, urban (% of urban population)",EG.ELC.ACCS.UR.ZS,100
Botswana,BWA,"Access to electricity, urban (% of urban population)",EG.ELC.ACCS.UR.ZS,85.5979843139648
Brazil,BRA,"Access to electricity, urban (% of urban population)",EG.ELC.ACCS.UR.ZS,99.9000015258789
British Virgin Islands,VGB,"Access to electricity, urban (% of urban population)",EG.ELC.ACCS.UR.ZS,100
Brunei Darussalam,BRN,"Access to electricity, urban (% of urban population)",EG.ELC.ACCS.UR.ZS,100
Bulgaria,BGR,"Access to electricity, urban (% of urban population)",EG.ELC.ACCS.UR.ZS,100
Burkina Faso,BFA,"Access to electricity, urban (% of urban population)",EG.ELC.ACCS.UR.ZS,62.2999992370605
Burundi,BDI,"Access to electricity, urban (% of urban population)",EG.ELC.ACCS.UR.ZS,61.429931640625
Cabo Verde,CPV,"Access to electricity, urban (% of urban population)",EG.ELC.ACCS.UR.ZS,93.2488327026367
Cambodia,KHM,"Access to electricity, urban (% of urban population)",EG.ELC.ACCS.UR.ZS,99.3592681884766
Cameroon,CMR,"Access to electricity, urban (% of urban population)",EG.ELC.ACCS.UR.ZS,90
Canada,CAN,"Access to electricity, urban (% of urban population)",EG.ELC.ACCS.UR.ZS,100
Caribbean small states,CSS,"Access to electricity, urban (% of urban population)",EG.ELC.ACCS.UR.ZS,99.5531628050775
Cayman Islands,CYM,"Access to electricity, urban (% of urban population)",EG.ELC.ACCS.UR.ZS,100
Central African Republic,CAF,"Access to electricity, urban (% of urban population)",EG.ELC.ACCS.UR.ZS,32.2973785400391
Central Europe and the Baltics,CEB,"Access to electricity, urban (% of urban population)",EG.ELC.ACCS.UR.ZS,100
Chad,TCD,"Access to electricity, urban (% of urban population)",EG.ELC.ACCS.UR.ZS,36.1601905822754
Channel Islands,CHI,"Access to electricity, urban (% of urban population)",EG.ELC.ACCS.UR.ZS,100
Chile,CHL,"Access to electricity, urban (% of urban population)",EG.ELC.ACCS.UR.ZS,100
China,CHN,"Access to electricity, urban (% of urban population)",EG.ELC.ACCS.UR.ZS,100
Colombia,COL,"Access to electricity, urban (% of urban population)",EG.ELC.ACCS.UR.ZS,99.9000015258789
Comoros,COM,"Access to electricity, urban (% of urban population)",EG.ELC.ACCS.UR.ZS,96.2043151855469
"Congo, Dem. Rep.",COD,"Access to electricity, urban (% of urban population)",EG.ELC.ACCS.UR.ZS,40.5148239135742
"Congo, Rep.",COG,"Access to electricity, urban (% of urban population)",EG.ELC.ACCS.UR.ZS,64.4184799194336
Costa Rica,CRI,"Access to electricity, urban (% of urban population)",EG.ELC.ACCS.UR.ZS,99.9000015258789
Cote d'Ivoire,CIV,"Access to electricity, urban (% of urban population)",EG.ELC.ACCS.UR.ZS,93.2034378051758
Croatia,HRV,"Access to electricity, urban (% of urban population)",EG.ELC.ACCS.UR.ZS,100
Cuba,CUB,"Access to electricity, urban (% of urban population)",EG.ELC.ACCS.UR.ZS,100
Curacao,CUW,"Access to electricity, urban (% of urban population)",EG.ELC.ACCS.UR.ZS,100
Cyprus,CYP,"Access to electricity, urban (% of urban population)",EG.ELC.ACCS.UR.ZS,100
Czech Republic,CZE,"Access to electricity, urban (% of urban population)",EG.ELC.ACCS.UR.ZS,100
Denmark,DNK,"Access to electricity, urban (% of urban population)",EG.ELC.ACCS.UR.ZS,100
Djibouti,DJI,"Access to electricity, urban (% of urban population)",EG.ELC.ACCS.UR.ZS,70.6211929321289
Dominica,DMA,"Access to electricity, urban (% of urban population)",EG.ELC.ACCS.UR.ZS,..
Dominican Republic,DOM,"Access to electricity, urban (% of urban population)",EG.ELC.ACCS.UR.ZS,99.5999984741211
Early-demographic dividend,EAR,"Access to electricity, urban (% of urban population)",EG.ELC.ACCS.UR.ZS,98.506888632987
East Asia & Pacific,EAS,"Access to electricity, urban (% of urban population)",EG.ELC.ACCS.UR.ZS,99.0754955058068
East Asia & Pacific (excluding high income),EAP,"Access to electricity, urban (% of urban population)",EG.ELC.ACCS.UR.ZS,98.917976432567
East Asia & Pacific (IDA & IBRD countries),TEA,"Access to electricity, urban (% of urban population)",EG.ELC.ACCS.UR.ZS,99.7295275243651
Ecuador,ECU,"Access to electricity, urban (% of urban population)",EG.ELC.ACCS.UR.ZS,99.6999969482422
"Egypt, Arab Rep.",EGY,"Access to electricity, urban (% of urban population)",EG.ELC.ACCS.UR.ZS,100
El Salvador,SLV,"Access to electricity, urban (% of urban population)",EG.ELC.ACCS.UR.ZS,98.6999969482422
Equatorial Guinea,GNQ,"Access to electricity, urban (% of urban population)",EG.ELC.ACCS.UR.ZS,91.3549728393555
Eritrea,ERI,"Access to electricity, urban (% of urban population)",EG.ELC.ACCS.UR.ZS,76.6206741333008
Estonia,EST,"Access to electricity, urban (% of urban population)",EG.ELC.ACCS.UR.ZS,100
Eswatini,SWZ,"Access to electricity, urban (% of urban population)",EG.ELC.ACCS.UR.ZS,87.9289932250977
Ethiopia,ETH,"Access to electricity, urban (% of urban population)",EG.ELC.ACCS.UR.ZS,91.9212493896484
Euro area,EMU,"Access to electricity, urban (% of urban population)",EG.ELC.ACCS.UR.ZS,100
Europe & Central Asia,ECS,"Access to electricity, urban (% of urban population)",EG.ELC.ACCS.UR.ZS,99.9956557701326
Europe & Central Asia (excluding high income),ECA,"Access to electricity, urban (% of urban population)",EG.ELC.ACCS.UR.ZS,99.9896641961287
Europe & Central Asia (IDA & IBRD countries),TEC,"Access to electricity, urban (% of urban population)",EG.ELC.ACCS.UR.ZS,99.9905209580824
European Union,EUU,"Access to electricity, urban (% of urban population)",EG.ELC.ACCS.UR.ZS,100
Faroe Islands,FRO,"Access to electricity, urban (% of urban population)",EG.ELC.ACCS.UR.ZS,100
Fiji,FJI,"Access to electricity, urban (% of urban population)",EG.ELC.ACCS.UR.ZS,99.8251953125
Finland,FIN,"Access to electricity, urban (% of urban population)",EG.ELC.ACCS.UR.ZS,100
Fragile and conflict affected situations,FCS,"Access to electricity, urban (% of urban population)",EG.ELC.ACCS.UR.ZS,80.6115711230157
France,FRA,"Access to electricity, urban (% of urban population)",EG.ELC.ACCS.UR.ZS,100
French Polynesia,PYF,"Access to electricity, urban (% of urban population)",EG.ELC.ACCS.UR.ZS,100
Gabon,GAB,"Access to electricity, urban (% of urban population)",EG.ELC.ACCS.UR.ZS,97.8617630004883
"Gambia, The",GMB,"Access to electricity, urban (% of urban population)",EG.ELC.ACCS.UR.ZS,..
Georgia,GEO,"Access to electricity, urban (% of urban population)",EG.ELC.ACCS.UR.ZS,99.8000030517578
Germany,DEU,"Access to electricity, urban (% of urban population)",EG.ELC.ACCS.UR.ZS,100
Ghana,GHA,"Access to electricity, urban (% of urban population)",EG.ELC.ACCS.UR.ZS,89.9000015258789
Gibraltar,GIB,"Access to electricity, urban (% of urban population)",EG.ELC.ACCS.UR.ZS,100
Greece,GRC,"Access to electricity, urban (% of urban population)",EG.ELC.ACCS.UR.ZS,100
Greenland,GRL,"Access to electricity, urban (% of urban population)",EG.ELC.ACCS.UR.ZS,100
Grenada,GRD,"Access to electricity, urban (% of urban population)",EG.ELC.ACCS.UR.ZS,..
Guam,GUM,"Access to electricity, urban (% of urban population)",EG.ELC.ACCS.UR.ZS,100
Guatemala,GTM,"Access to electricity, urban (% of urban population)",EG.ELC.ACCS.UR.ZS,97.0476531982422
Guinea,GIN,"Access to electricity, urban (% of urban population)",EG.ELC.ACCS.UR.ZS,86.6999969482422
Guinea-Bissau,GNB,"Access to electricity, urban (% of urban population)",EG.ELC.ACCS.UR.ZS,48.287971496582
Guyana,GUY,"Access to electricity, urban (% of urban population)",EG.ELC.ACCS.UR.ZS,96.4382553100586
Haiti,HTI,"Access to electricity, urban (% of urban population)",EG.ELC.ACCS.UR.ZS,78.9336700439453
Heavily indebted poor countries (HIPC),HPC,"Access to electricity, urban (% of urban population)",EG.ELC.ACCS.UR.ZS,74.2599519968886
High income,HIC,"Access to electricity, urban (% of urban population)",EG.ELC.ACCS.UR.ZS,99.9993154981333
Honduras,HND,"Access to electricity, urban (% of urban population)",EG.ELC.ACCS.UR.ZS,98.9000015258789
"Hong Kong SAR, China",HKG,"Access to electricity, urban (% of urban population)",EG.ELC.ACCS.UR.ZS,100
Hungary,HUN,"Access to electricity, urban (% of urban population)",EG.ELC.ACCS.UR.ZS,100
IBRD only,IBD,"Access to electricity, urban (% of urban population)",EG.ELC.ACCS.UR.ZS,99.274689390789
Iceland,ISL,"Access to electricity, urban (% of urban population)",EG.ELC.ACCS.UR.ZS,100
IDA & IBRD total,IBT,"Access to electricity, urban (% of urban population)",EG.ELC.ACCS.UR.ZS,96.9424735072669
IDA blend,IDB,"Access to electricity, urban (% of urban population)",EG.ELC.ACCS.UR.ZS,..
IDA only,IDX,"Access to electricity, urban (% of urban population)",EG.ELC.ACCS.UR.ZS,79.3479305683096
IDA total,IDA,"Access to electricity, urban (% of urban population)",EG.ELC.ACCS.UR.ZS,83.9932559893901
India,IND,"Access to electricity, urban (% of urban population)",EG.ELC.ACCS.UR.ZS,99.0999984741211
Indonesia,IDN,"Access to electricity, urban (% of urban population)",EG.ELC.ACCS.UR.ZS,99.879997253418
"Iran, Islamic Rep.",IRN,"Access to electricity, urban (% of urban population)",EG.ELC.ACCS.UR.ZS,100
Iraq,IRQ,"Access to electricity, urban (% of urban population)",EG.ELC.ACCS.UR.ZS,99.9000015258789
Ireland,IRL,"Access to electricity, urban (% of urban population)",EG.ELC.ACCS.UR.ZS,100
Isle of Man,IMN,"Access to electricity, urban (% of urban population)",EG.ELC.ACCS.UR.ZS,100
Israel,ISR,"Access to electricity, urban (% of urban population)",EG.ELC.ACCS.UR.ZS,100
Italy,ITA,"Access to electricity, urban (% of urban population)",EG.ELC.ACCS.UR.ZS,100
Jamaica,JAM,"Access to electricity, urban (% of urban population)",EG.ELC.ACCS.UR.ZS,99.9677734375
Japan,JPN,"Access to electricity, urban (% of urban population)",EG.ELC.ACCS.UR.ZS,100
Jordan,JOR,"Access to electricity, urban (% of urban population)",EG.ELC.ACCS.UR.ZS,100
Kazakhstan,KAZ,"Access to electricity, urban (% of urban population)",EG.ELC.ACCS.UR.ZS,100
Kenya,KEN,"Access to electricity, urban (% of urban population)",EG.ELC.ACCS.UR.ZS,87.3880004882813
Kiribati,KIR,"Access to electricity, urban (% of urban population)",EG.ELC.ACCS.UR.ZS,88.9846038818359
"Korea, Dem. People's Rep.",PRK,"Access to electricity, urban (% of urban population)",EG.ELC.ACCS.UR.ZS,40
"Korea, Rep.",KOR,"Access to electricity, urban (% of urban population)",EG.ELC.ACCS.UR.ZS,100
Kosovo,XKX,"Access to electricity, urban (% of urban population)",EG.ELC.ACCS.UR.ZS,..
Kuwait,KWT,"Access to electricity, urban (% of urban population)",EG.ELC.ACCS.UR.ZS,100
Kyrgyz Republic,KGZ,"Access to electricity, urban (% of urban population)",EG.ELC.ACCS.UR.ZS,100
Lao PDR,LAO,"Access to electricity, urban (% of urban population)",EG.ELC.ACCS.UR.ZS,99.482177734375
Late-demographic dividend,LTE,"Access to electricity, urban (% of urban population)",EG.ELC.ACCS.UR.ZS,99.306861608352
Latin America & Caribbean,LCN,"Access to electricity, urban (% of urban population)",EG.ELC.ACCS.UR.ZS,99.5165822177683
Latin America & Caribbean (excluding high income),LAC,"Access to electricity, urban (% of urban population)",EG.ELC.ACCS.UR.ZS,99.4663934184495
Latin America & the Caribbean (IDA & IBRD countries),TLA,"Access to electricity, urban (% of urban population)",EG.ELC.ACCS.UR.ZS,99.5045113993022
Latvia,LVA,"Access to electricity, urban (% of urban population)",EG.ELC.ACCS.UR.ZS,100
Least developed countries: UN classification,LDC,"Access to electricity, urban (% of urban population)",EG.ELC.ACCS.UR.ZS,75.7495703102079
Lebanon,LBN,"Access to electricity, urban (% of urban population)",EG.ELC.ACCS.UR.ZS,100
Lesotho,LSO,"Access to electricity, urban (% of urban population)",EG.ELC.ACCS.UR.ZS,..
Liberia,LBR,"Access to electricity, urban (% of urban population)",EG.ELC.ACCS.UR.ZS,37.2743034362793
Libya,LBY,"Access to electricity, urban (% of urban population)",EG.ELC.ACCS.UR.ZS,100
Liechtenstein,LIE,"Access to electricity, urban (% of urban population)",EG.ELC.ACCS.UR.ZS,100
Lithuania,LTU,"Access to electricity, urban (% of urban population)",EG.ELC.ACCS.UR.ZS,100
Low & middle income,LMY,"Access to electricity, urban (% of urban population)",EG.ELC.ACCS.UR.ZS,96.5901236394796
Low income,LIC,"Access to electricity, urban (% of urban population)",EG.ELC.ACCS.UR.ZS,65.1880385257985
Lower middle income,LMC,"Access to electricity, urban (% of urban population)",EG.ELC.ACCS.UR.ZS,97.0170104628803
Luxembourg,LUX,"Access to electricity, urban (% of urban population)",EG.ELC.ACCS.UR.ZS,100
"Macao SAR, China",MAC,"Access to electricity, urban (% of urban population)",EG.ELC.ACCS.UR.ZS,100
Madagascar,MDG,"Access to electricity, urban (% of urban population)",EG.ELC.ACCS.UR.ZS,..
Malawi,MWI,"Access to electricity, urban (% of urban population)",EG.ELC.ACCS.UR.ZS,50.389720916748
Malaysia,MYS,"Access to electricity, urban (% of urban population)",EG.ELC.ACCS.UR.ZS,100
Maldives,MDV,"Access to electricity, urban (% of urban population)",EG.ELC.ACCS.UR.ZS,100
Mali,MLI,"Access to electricity, urban (% of urban population)",EG.ELC.ACCS.UR.ZS,..
Malta,MLT,"Access to electricity, urban (% of urban population)",EG.ELC.ACCS.UR.ZS,100
Marshall Islands,MHL,"Access to electricity, urban (% of urban population)",EG.ELC.ACCS.UR.ZS,95.5879516601563
Mauritania,MRT,"Access to electricity, urban (% of urban population)",EG.ELC.ACCS.UR.ZS,84.0636367797852
Mauritius,MUS,"Access to electricity, urban (% of urban population)",EG.ELC.ACCS.UR.ZS,99.6484298706055
Mexico,MEX,"Access to electricity, urban (% of urban population)",EG.ELC.ACCS.UR.ZS,99.8000030517578
"Micronesia, Fed. Sts.",FSM,"Access to electricity, urban (% of urban population)",EG.ELC.ACCS.UR.ZS,94.1483764648438
Middle East & North Africa,MEA,"Access to electricity, urban (% of urban population)",EG.ELC.ACCS.UR.ZS,99.8474054716747
Middle East & North Africa (excluding high income),MNA,"Access to electricity, urban (% of urban population)",EG.ELC.ACCS.UR.ZS,99.8083894287521
Middle East & North Africa (IDA & IBRD countries),TMN,"Access to electricity, urban (% of urban population)",EG.ELC.ACCS.UR.ZS,99.8053850516313
Middle income,MIC,"Access to electricity, urban (% of urban population)",EG.ELC.ACCS.UR.ZS,98.50247000452
Moldova,MDA,"Access to electricity, urban (% of urban population)",EG.ELC.ACCS.UR.ZS,99.9700012207031
Monaco,MCO,"Access to electricity, urban (% of urban population)",EG.ELC.ACCS.UR.ZS,100
Mongolia,MNG,"Access to electricity, urban (% of urban population)",EG.ELC.ACCS.UR.ZS,99.6999969482422
Montenegro,MNE,"Access to electricity, urban (% of urban population)",EG.ELC.ACCS.UR.ZS,100
Morocco,MAR,"Access to electricity, urban (% of urban population)",EG.ELC.ACCS.UR.ZS,99.3000030517578
Mozambique,MOZ,"Access to electricity, urban (% of urban population)",EG.ELC.ACCS.UR.ZS,72.1999969482422
Myanmar,MMR,"Access to electricity, urban (% of urban population)",EG.ELC.ACCS.UR.ZS,92.118049621582
Namibia,NAM,"Access to electricity, urban (% of urban population)",EG.ELC.ACCS.UR.ZS,74.3830871582031
Nauru,NRU,"Access to electricity, urban (% of urban population)",EG.ELC.ACCS.UR.ZS,99.861572265625
Nepal,NPL,"Access to electricity, urban (% of urban population)",EG.ELC.ACCS.UR.ZS,95.75
Netherlands,NLD,"Access to electricity, urban (% of urban population)",EG.ELC.ACCS.UR.ZS,100
New Caledonia,NCL,"Access to electricity, urban (% of urban population)",EG.ELC.ACCS.UR.ZS,100
New Zealand,NZL,"Access to electricity, urban (% of urban population)",EG.ELC.ACCS.UR.ZS,100
Nicaragua,NIC,"Access to electricity, urban (% of urban population)",EG.ELC.ACCS.UR.ZS,99.8074111938477
Niger,NER,"Access to electricity, urban (% of urban population)",EG.ELC.ACCS.UR.ZS,47.6300010681152
Nigeria,NGA,"Access to electricity, urban (% of urban population)",EG.ELC.ACCS.UR.ZS,..
North America,NAC,"Access to electricity, urban (% of urban population)",EG.ELC.ACCS.UR.ZS,100
North Macedonia,MKD,"Access to electricity, urban (% of urban population)",EG.ELC.ACCS.UR.ZS,99.8000030517578
Northern Mariana Islands,MNP,"Access to electricity, urban (% of urban population)",EG.ELC.ACCS.UR.ZS,100
Norway,NOR,"Access to electricity, urban (% of urban population)",EG.ELC.ACCS.UR.ZS,100
Not classified,INX,"Access to electricity, urban (% of urban population)",EG.ELC.ACCS.UR.ZS,..
OECD members,OED,"Access to electricity, urban (% of urban population)",EG.ELC.ACCS.UR.ZS,99.977488992045
Oman,OMN,"Access to electricity, urban (% of urban population)",EG.ELC.ACCS.UR.ZS,100
Other small states,OSS,"Access to electricity, urban (% of urban population)",EG.ELC.ACCS.UR.ZS,91.7888308335288
Pacific island small states,PSS,"Access to electricity, urban (% of urban population)",EG.ELC.ACCS.UR.ZS,93.947713804681
Pakistan,PAK,"Access to electricity, urban (% of urban population)",EG.ELC.ACCS.UR.ZS,99.8272323608398
Palau,PLW,"Access to electricity, urban (% of urban population)",EG.ELC.ACCS.UR.ZS,100
Panama,PAN,"Access to electricity, urban (% of urban population)",EG.ELC.ACCS.UR.ZS,99.4477081298828
Papua New Guinea,PNG,"Access to electricity, urban (% of urban population)",EG.ELC.ACCS.UR.ZS,81.7326126098633
Paraguay,PRY,"Access to electricity, urban (% of urban population)",EG.ELC.ACCS.UR.ZS,99.9000015258789
Peru,PER,"Access to electricity, urban (% of urban population)",EG.ELC.ACCS.UR.ZS,99
Philippines,PHL,"Access to electricity, urban (% of urban population)",EG.ELC.ACCS.UR.ZS,97.4161071777344
Poland,POL,"Access to electricity, urban (% of urban population)",EG.ELC.ACCS.UR.ZS,100
Portugal,PRT,"Access to electricity, urban (% of urban population)",EG.ELC.ACCS.UR.ZS,100
Post-demographic dividend,PST,"Access to electricity, urban (% of urban population)",EG.ELC.ACCS.UR.ZS,100
Pre-demographic dividend,PRE,"Access to electricity, urban (% of urban population)",EG.ELC.ACCS.UR.ZS,72.1195918742315
Puerto Rico,PRI,"Access to electricity, urban (% of urban population)",EG.ELC.ACCS.UR.ZS,100
Qatar,QAT,"Access to electricity, urban (% of urban population)",EG.ELC.ACCS.UR.ZS,100
Romania,ROU,"Access to electricity, urban (% of urban population)",EG.ELC.ACCS.UR.ZS,100
Russian Federation,RUS,"Access to electricity, urban (% of urban population)",EG.ELC.ACCS.UR.ZS,100
Rwanda,RWA,"Access to electricity, urban (% of urban population)",EG.ELC.ACCS.UR.ZS,84.3404388427734
Samoa,WSM,"Access to electricity, urban (% of urban population)",EG.ELC.ACCS.UR.ZS,99.9960708618164
San Marino,SMR,"Access to electricity, urban (% of urban population)",EG.ELC.ACCS.UR.ZS,100
Sao Tome and Principe,STP,"Access to electricity, urban (% of urban population)",EG.ELC.ACCS.UR.ZS,76.6999969482422
Saudi Arabia,SAU,"Access to electricity, urban (% of urban population)",EG.ELC.ACCS.UR.ZS,100
Senegal,SEN,"Access to electricity, urban (% of urban population)",EG.ELC.ACCS.UR.ZS,93.5
Serbia,SRB,"Access to electricity, urban (% of urban population)",EG.ELC.ACCS.UR.ZS,100
Seychelles,SYC,"Access to electricity, urban (% of urban population)",EG.ELC.ACCS.UR.ZS,100
Sierra Leone,SLE,"Access to electricity, urban (% of urban population)",EG.ELC.ACCS.UR.ZS,53.2000007629395
Singapore,SGP,"Access to electricity, urban (% of urban population)",EG.ELC.ACCS.UR.ZS,100
Sint Maarten (Dutch part),SXM,"Access to electricity, urban (% of urban population)",EG.ELC.ACCS.UR.ZS,100
Slovak Republic,SVK,"Access to electricity, urban (% of urban population)",EG.ELC.ACCS.UR.ZS,100
Slovenia,SVN,"Access to electricity, urban (% of urban population)",EG.ELC.ACCS.UR.ZS,100
Small states,SST,"Access to electricity, urban (% of urban population)",EG.ELC.ACCS.UR.ZS,93.196094655335
Solomon Islands,SLB,"Access to electricity, urban (% of urban population)",EG.ELC.ACCS.UR.ZS,73.3020935058594
Somalia,SOM,"Access to electricity, urban (% of urban population)",EG.ELC.ACCS.UR.ZS,69.781005859375
South Africa,ZAF,"Access to electricity, urban (% of urban population)",EG.ELC.ACCS.UR.ZS,88.5188140869141
South Asia,SAS,"Access to electricity, urban (% of urban population)",EG.ELC.ACCS.UR.ZS,98.9270969072189
South Asia (IDA & IBRD),TSA,"Access to electricity, urban (% of urban population)",EG.ELC.ACCS.UR.ZS,98.9270969072189
South Sudan,SSD,"Access to electricity, urban (% of urban population)",EG.ELC.ACCS.UR.ZS,12.2875938415527
Spain,ESP,"Access to electricity, urban (% of urban population)",EG.ELC.ACCS.UR.ZS,100
Sri Lanka,LKA,"Access to electricity, urban (% of urban population)",EG.ELC.ACCS.UR.ZS,100
St. Kitts and Nevis,KNA,"Access to electricity, urban (% of urban population)",EG.ELC.ACCS.UR.ZS,100
St. Lucia,LCA,"Access to electricity, urban (% of urban population)",EG.ELC.ACCS.UR.ZS,96.9463958740234
St. Martin (French part),MAF,"Access to electricity, urban (% of urban population)",EG.ELC.ACCS.UR.ZS,100
St. Vincent and the Grenadines,VCT,"Access to electricity, urban (% of urban population)",EG.ELC.ACCS.UR.ZS,100
Sub-Saharan Africa,SSF,"Access to electricity, urban (% of urban population)",EG.ELC.ACCS.UR.ZS,73.8340920987898
Sub-Saharan Africa (excluding high income),SSA,"Access to electricity, urban (% of urban population)",EG.ELC.ACCS.UR.ZS,73.8295316270828
Sub-Saharan Africa (IDA & IBRD countries),TSS,"Access to electricity, urban (% of urban population)",EG.ELC.ACCS.UR.ZS,73.8340920987898
Sudan,SDN,"Access to electricity, urban (% of urban population)",EG.ELC.ACCS.UR.ZS,80.1514587402344
Suriname,SUR,"Access to electricity, urban (% of urban population)",EG.ELC.ACCS.UR.ZS,99
Sweden,SWE,"Access to electricity, urban (% of urban population)",EG.ELC.ACCS.UR.ZS,100
Switzerland,CHE,"Access to electricity, urban (% of urban population)",EG.ELC.ACCS.UR.ZS,100
Syrian Arab Republic,SYR,"Access to electricity, urban (% of urban population)",EG.ELC.ACCS.UR.ZS,100
Tajikistan,TJK,"Access to electricity, urban (% of urban population)",EG.ELC.ACCS.UR.ZS,99.1999969482422
Tanzania,TZA,"Access to electricity, urban (% of urban population)",EG.ELC.ACCS.UR.ZS,67.2603607177734
Thailand,THA,"Access to electricity, urban (% of urban population)",EG.ELC.ACCS.UR.ZS,99.9100036621094
Timor-Leste,TLS,"Access to electricity, urban (% of urban population)",EG.ELC.ACCS.UR.ZS,99.6858901977539
Togo,TGO,"Access to electricity, urban (% of urban population)",EG.ELC.ACCS.UR.ZS,83.0999984741211
Tonga,TON,"Access to electricity, urban (% of urban population)",EG.ELC.ACCS.UR.ZS,99.9229583740234
Trinidad and Tobago,TTO,"Access to electricity, urban (% of urban population)",EG.ELC.ACCS.UR.ZS,100
Tunisia,TUN,"Access to electricity, urban (% of urban population)",EG.ELC.ACCS.UR.ZS,99.9000015258789
Turkey,TUR,"Access to electricity, urban (% of urban population)",EG.ELC.ACCS.UR.ZS,100
Turkmenistan,TKM,"Access to electricity, urban (% of urban population)",EG.ELC.ACCS.UR.ZS,100
Turks and Caicos Islands,TCA,"Access to electricity, urban (% of urban population)",EG.ELC.ACCS.UR.ZS,100
Tuvalu,TUV,"Access to electricity, urban (% of urban population)",EG.ELC.ACCS.UR.ZS,99.9215850830078
Uganda,UGA,"Access to electricity, urban (% of urban population)",EG.ELC.ACCS.UR.ZS,71.9800033569336
Ukraine,UKR,"Access to electricity, urban (% of urban population)",EG.ELC.ACCS.UR.ZS,100
United Arab Emirates,ARE,"Access to electricity, urban (% of urban population)",EG.ELC.ACCS.UR.ZS,100
United Kingdom,GBR,"Access to electricity, urban (% of urban population)",EG.ELC.ACCS.UR.ZS,100
United States,USA,"Access to electricity, urban (% of urban population)",EG.ELC.ACCS.UR.ZS,100
Upper middle income,UMC,"Access to electricity, urban (% of urban population)",EG.ELC.ACCS.UR.ZS,99.6256611792177
Uruguay,URY,"Access to electricity, urban (% of urban population)",EG.ELC.ACCS.UR.ZS,99.8000030517578
Uzbekistan,UZB,"Access to electricity, urban (% of urban population)",EG.ELC.ACCS.UR.ZS,100
Vanuatu,VUT,"Access to electricity, urban (% of urban population)",EG.ELC.ACCS.UR.ZS,93.412353515625
"Venezuela, RB",VEN,"Access to electricity, urban (% of urban population)",EG.ELC.ACCS.UR.ZS,100
Vietnam,VNM,"Access to electricity, urban (% of urban population)",EG.ELC.ACCS.UR.ZS,100
Virgin Islands (U.S.),VIR,"Access to electricity, urban (% of urban population)",EG.ELC.ACCS.UR.ZS,100
West Bank and Gaza,PSE,"Access to electricity, urban (% of urban population)",EG.ELC.ACCS.UR.ZS,100
World,WLD,"Access to electricity, urban (% of urban population)",EG.ELC.ACCS.UR.ZS,97.4213603616938
"Yemen, Rep.",YEM,"Access to electricity, urban (% of urban population)",EG.ELC.ACCS.UR.ZS,..
Zambia,ZMB,"Access to electricity, urban (% of urban population)",EG.ELC.ACCS.UR.ZS,76.4618759155273
Zimbabwe,ZWE,"Access to electricity, urban (% of urban population)",EG.ELC.ACCS.UR.ZS,85.4687652587891
,,,,
,,,,
,,,,
Data from database: World Development Indicators,,,,
Last Updated: 05/25/2022,,,,
